subject,image_type,max_gradient
103-003,NoGate,2.933494456984427e-05
103-003,HardGate,5.4275049239703994e-05
103-003,SoftGate,5.466589911935585e-05
103-003,MotionResolved,6.708103652567278e-05
103-003,IterativeMoCo,7.546335398724202e-05
103-005,NoGate,3.1957669872114896e-05
103-005,HardGate,4.8036886598222104e-05
103-005,SoftGate,4.454713466894774e-05
103-005,MotionResolved,5.037910642708832e-05
103-005,IterativeMoCo,5.828978550327515e-05
103-012,NoGate,2.6600850969820017e-05
103-012,HardGate,3.7592716463666744e-05
103-012,SoftGate,3.580022151291386e-05
103-012,MotionResolved,5.270479304221326e-05
103-012,IterativeMoCo,5.5078826307701276e-05
103-013,NoGate,1.5951848609183903e-05
103-013,HardGate,2.905068263966764e-05
103-013,SoftGate,2.8985301428964286e-05
103-013,MotionResolved,3.737869278714789e-05
103-013,IterativeMoCo,2.864699523936294e-05
103-015,NoGate,1.5043429608012842e-05
103-015,HardGate,3.059589207646388e-05
103-015,SoftGate,3.0769692468911974e-05
103-015,MotionResolved,4.226277869611974e-05
103-015,IterativeMoCo,4.062214113702109e-05
103-016,NoGate,1.6439888958175053e-05
103-016,HardGate,3.401800979151703e-05
103-016,SoftGate,3.26453996022771e-05
103-016,MotionResolved,4.069607736177497e-05
103-016,IterativeMoCo,4.551887948570863e-05
103-018,NoGate,3.186834588321003e-05
103-018,HardGate,3.9175165633421824e-05
103-018,SoftGate,4.29073679404539e-05
103-018,MotionResolved,6.675522940167369e-05
103-018,IterativeMoCo,6.250596025158316e-05
103-020,NoGate,2.666443590748301e-05
103-020,HardGate,3.520320462240842e-05
103-020,SoftGate,3.354994015255247e-05
103-020,MotionResolved,5.683001652379737e-05
103-020,IterativeMoCo,5.325235857341015e-05
103-021,NoGate,1.8764049113851155e-05
103-021,HardGate,2.731120468920886e-05
103-021,SoftGate,2.928632302139262e-05
103-021,MotionResolved,3.418968315143223e-05
103-021,IterativeMoCo,4.1865621148182456e-05
103-023,NoGate,3.272413181226928e-05
103-023,HardGate,4.98438862851507e-05
103-023,SoftGate,4.635085603642835e-05
103-023,MotionResolved,7.30691823437467e-05
103-023,IterativeMoCo,5.384610262680824e-05
103-025,NoGate,2.0498938251131725e-05
103-025,HardGate,3.596256039433802e-05
103-025,SoftGate,3.232206857795933e-05
103-025,MotionResolved,5.715384482660912e-05
103-025,IterativeMoCo,5.288375620534745e-05
103-026,NoGate,2.444154406923543e-05
103-026,HardGate,4.3436843966591554e-05
103-026,SoftGate,4.483854565406334e-05
103-026,MotionResolved,7.034856236321724e-05
103-026,IterativeMoCo,6.537602315880001e-05
103-030,NoGate,6.297327373804746e-05
103-030,HardGate,9.90129323885496e-05
103-030,SoftGate,0.00010520754056087399
103-030,MotionResolved,0.00017717655409805926
103-030,IterativeMoCo,0.00018060636886040257
103-031,NoGate,3.0736437490480744e-05
103-031,HardGate,4.776281549624721e-05
103-031,SoftGate,5.22898500545074e-05
103-031,MotionResolved,8.252878034786264e-05
103-031,IterativeMoCo,9.597514948286637e-05
103-035,NoGate,5.9610464039004535e-05
103-035,HardGate,9.407260096391354e-05
103-035,SoftGate,9.324529540790526e-05
103-035,MotionResolved,9.191599138117477e-05
103-035,IterativeMoCo,8.345244417577586e-05
103-037,NoGate,1.608049757680278e-05
103-037,HardGate,1.772853843229811e-05
103-037,SoftGate,1.7352978016259863e-05
103-037,MotionResolved,1.996392898016982e-05
103-037,IterativeMoCo,2.0395449557559392e-05
103-038,NoGate,1.6903190740661225e-05
103-038,HardGate,1.846871599269848e-05
103-038,SoftGate,1.929246442088452e-05
103-038,MotionResolved,3.0555315667220385e-05
103-038,IterativeMoCo,1.8132966813993317e-05
103-039,NoGate,1.2694196367862611e-05
103-039,HardGate,1.728238282830285e-05
103-039,SoftGate,1.6539076716756434e-05
103-039,MotionResolved,0.00010500581226358552
103-039,IterativeMoCo,2.8316236415659623e-05
103-040,NoGate,5.0306556693841824e-05
103-040,HardGate,4.42209772077866e-05
103-040,SoftGate,5.0857704684922744e-05
103-040,MotionResolved,7.46333145473505e-05
103-040,IterativeMoCo,7.323369105567263e-05
103-041,NoGate,3.373239436224122e-05
103-041,HardGate,5.289012173758748e-05
103-041,SoftGate,5.237359755664934e-05
103-041,MotionResolved,0.00014666766173745635
103-041,IterativeMoCo,8.285203300396397e-05
103-042,NoGate,1.4795959818504074e-05
103-042,HardGate,2.100170362035293e-05
103-042,SoftGate,2.0351814648326948e-05
103-042,MotionResolved,2.3931855327158047e-05
103-042,IterativeMoCo,1.9440340395533558e-05
