No Gating,Hard Gating,Soft Gating,XDGrasp,iMoCo
0.03129159591721742,0.03261596082404265,0.03226033433894643,0.029191280022408162,0.03051862135584902
0.014913830573193473,0.015869089311984975,0.016144823216059593,0.015973903739075077,0.014834624147465034
0.015775190837517505,0.016597259889457587,0.016490119991663228,0.016050695604567896,0.015525022844230924
0.016551548585180927,0.01762742376238689,0.017480949019933408,0.01738509627737106,0.016733271233890595
0.01858391287299917,0.020123356851763613,0.020109500905915498,0.02000667917290899,0.01944093693660627
0.017091395339400323,0.018123155832654492,0.017483702269981635,0.01805165612354098,0.01727290969820744
0.020929425202317505,0.01711504849422657,0.01731377712140032,0.01752460784977247,0.01577875419305776
0.01770236639527327,0.01837777780102401,0.01791274875477785,0.019242218094695906,0.017814656248957228
0.014834305804223406,0.01659477402065371,0.01659525090624395,0.01671300110425827,0.01590256467948022
0.016997896982002134,0.018156387966471493,0.01802931683440001,0.018254809101976195,0.017669241199892632
0.016661932993186523,0.017675000286392756,0.017423676373022137,0.016872120207753513,0.017151328680763276
0.016207652237382544,0.017156491101410196,0.01691441752881612,0.017380330503905354,0.016463877481493677
0.009221634512137122,0.01042790334341977,0.010064608327859085,0.010770222212542455,0.009108701979568022
0.014825144582208061,0.015790747331001585,0.015540795874749722,0.01637272504319598,0.014577120505702194
0.014131695577452991,0.014771476515953685,0.014722928720665523,0.01502192283299297,0.013682556733686482
