No Gating,Hard Gating,Soft Gating,XDGrasp,MoCo,iMoCo
0.01443477887593614,0.01322099118794245,0.013582044625633553,0.01313772268710254,0.01343766714882979,0.014417304934546
0.005976057243044014,0.005573841739427209,0.00578025514018238,0.0056123680827967265,0.0058599314407891505,0.0059669945807595
0.006152483357656523,0.00563510304342037,0.005800722509947569,0.006016738364287844,0.006215954140639354,0.006387542505022955
0.007470466752790666,0.006909292280054294,0.00705087310641679,0.007129596446572072,0.007297257560615284,0.007528690192782535
0.008963812293227824,0.008396503498255046,0.008547116424487921,0.008480147446086756,0.00858381161387499,0.00896555895648544
0.007150233373656151,0.00675513619585822,0.006880118722326883,0.007187341430348127,0.007161545571513465,0.007459305839946133
0.005864776977709896,0.006112973617620994,0.006168766075167196,0.006277932956682763,0.006023822195474611,0.006467728263011013
0.007508287245663689,0.007147556796162509,0.007302246558115224,0.007328522527524884,0.0073388218432292466,0.007672567076773059
0.00710327026034795,0.006668268080328849,0.0068259104042984,0.006932924193347659,0.007035693374075346,0.007220470997234961
0.0073653729491861405,0.006899397743354462,0.007074489787572763,0.007268704996527897,0.007632970373425575,0.007709941451409693
0.006996247984411599,0.006638186954278145,0.006772953517875661,0.007270396121782553,0.006925607354304223,0.007662484217672758
0.0068766856001751045,0.006456998380916405,0.006581051991087351,0.006939800984744836,0.006914472806150031,0.007229139387779223
0.0034347454124596197,0.0032967689483913297,0.0032976405123810748,0.0030907073531667092,0.003403740227039427,0.0033626666908288883
0.005806020513965484,0.005357201847245013,0.0054871326955463155,0.005565098556639186,0.005930230211422323,0.005832450503999223
0.005862268019025887,0.005354758788994551,0.005499973677596771,0.005365972196436562,0.00572757461567636,0.005724422568946495
