subject,image_type,region,snr,cnr
P006_Exam1,NoGate,Airway,1.452852225752264,nan
P006_Exam1,NoGate,Lung,8.797232190152666,7.5964302205387355
P006_Exam1,NoGate,Liver,20.698244260151263,19.497442290537332
P006_Exam1,NoGate,Muscle,14.430532966948041,13.22973099733411
P006_Exam1,NoGate,Aorta,12.654435995171502,11.453634025557571
P006_Exam1,HardGate,Airway,1.1414334827880332,nan
P006_Exam1,HardGate,Lung,5.4035710227818425,4.382750285162107
P006_Exam1,HardGate,Liver,12.356781806433686,11.335961068813951
P006_Exam1,HardGate,Muscle,8.452144649173292,7.431323911553557
P006_Exam1,HardGate,Aorta,7.0361241109285455,6.015303373308811
P006_Exam1,SoftGate,Airway,1.1613408284613023,nan
P006_Exam1,SoftGate,Lung,5.957268647227408,4.983667447700088
P006_Exam1,SoftGate,Liver,13.838297863863223,12.864696664335904
P006_Exam1,SoftGate,Muscle,9.554128792037808,8.580527592510489
P006_Exam1,SoftGate,Aorta,7.96835693898646,6.994755739459141
P006_Exam1,MotionResolved,Airway,1.1728109994707476,nan
P006_Exam1,MotionResolved,Lung,8.271820399735985,7.211106271117924
P006_Exam1,MotionResolved,Liver,19.15422640904797,18.09351228042991
P006_Exam1,MotionResolved,Muscle,12.830610442006586,11.769896313388525
P006_Exam1,MotionResolved,Aorta,11.25224005535861,10.19152592674055
P006_Exam1,IterativeMoCo,Airway,1.8658612044100795,nan
P006_Exam1,IterativeMoCo,Lung,10.896291030157306,9.13735371038181
P006_Exam1,IterativeMoCo,Liver,25.399909140501094,23.640971820725596
P006_Exam1,IterativeMoCo,Muscle,17.47498117942947,15.716043859653974
P006_Exam1,IterativeMoCo,Aorta,14.863624374463743,13.104687054688247
P099_Exam1,NoGate,Airway,1.4787812201024342,nan
P099_Exam1,NoGate,Lung,10.4688223595332,9.128474302019354
P099_Exam1,NoGate,Liver,17.728301571450036,16.38795351393619
P099_Exam1,NoGate,Muscle,14.804715027125221,13.464366969611374
P099_Exam1,NoGate,Aorta,19.521416308201744,18.181068250687897
P099_Exam1,HardGate,Airway,1.247713123092277,nan
P099_Exam1,HardGate,Lung,8.434752571439528,7.305549263891037
P099_Exam1,HardGate,Liver,13.421392775836559,12.292189468288068
P099_Exam1,HardGate,Muscle,10.944040634813705,9.814837327265213
P099_Exam1,HardGate,Aorta,14.372711562680289,13.243508255131797
P099_Exam1,SoftGate,Airway,1.3369667543867312,nan
P099_Exam1,SoftGate,Lung,8.00533350551488,6.869584246190772
P099_Exam1,SoftGate,Liver,13.052925506028778,11.91717624670467
P099_Exam1,SoftGate,Muscle,10.862332443750311,9.726583184426204
P099_Exam1,SoftGate,Aorta,13.909379165090394,12.773629905766287
P099_Exam1,MotionResolved,Airway,1.4849469347640027,nan
P099_Exam1,MotionResolved,Lung,8.333019279275337,6.961425683569534
P099_Exam1,MotionResolved,Liver,13.340708527916457,11.969114932210653
P099_Exam1,MotionResolved,Muscle,10.530026940975516,9.158433345269712
P099_Exam1,MotionResolved,Aorta,14.070202604108719,12.698609008402915
P099_Exam1,IterativeMoCo,Airway,2.1684065330112308,nan
P099_Exam1,IterativeMoCo,Lung,11.396998257352454,9.358738213443495
P099_Exam1,IterativeMoCo,Liver,18.4789579660694,16.440697922160442
P099_Exam1,IterativeMoCo,Muscle,15.68705456774486,13.648794523835901
P099_Exam1,IterativeMoCo,Aorta,20.73616089719498,18.697900853286022
P110_Exam1,NoGate,Airway,1.6743556075674235,nan
P110_Exam1,NoGate,Lung,7.571585239002784,5.9766247276554365
P110_Exam1,NoGate,Liver,16.06325151528112,14.468291003933773
P110_Exam1,NoGate,Muscle,18.836330537113607,17.24137002576626
P110_Exam1,NoGate,Aorta,17.5895241490745,15.994563637727152
P110_Exam1,HardGate,Airway,1.581489013390588,nan
P110_Exam1,HardGate,Lung,5.973718598978836,4.461611393961939
P110_Exam1,HardGate,Liver,12.151257905004261,10.639150699987365
P110_Exam1,HardGate,Muscle,14.025516892472163,12.513409687455267
P110_Exam1,HardGate,Aorta,13.320247327924495,11.808140122907599
P110_Exam1,SoftGate,Airway,1.6544258027941257,nan
P110_Exam1,SoftGate,Lung,5.845630343599309,4.285902501223321
P110_Exam1,SoftGate,Liver,12.211719245454702,10.651991403078714
P110_Exam1,SoftGate,Muscle,14.204458493101606,12.644730650725618
P110_Exam1,SoftGate,Aorta,13.150300854204588,11.5905730118286
P110_Exam1,MotionResolved,Airway,1.5959775476265283,nan
P110_Exam1,MotionResolved,Lung,7.617409554183639,6.063926154895421
P110_Exam1,MotionResolved,Liver,15.282899420729823,13.729416021441606
P110_Exam1,MotionResolved,Muscle,16.806414829336884,15.252931430048667
P110_Exam1,MotionResolved,Aorta,15.38976678014551,13.836283380857294
P110_Exam1,IterativeMoCo,Airway,2.090908110534436,nan
P110_Exam1,IterativeMoCo,Lung,9.039926978142836,6.8896206375337865
P110_Exam1,IterativeMoCo,Liver,18.448442359824305,16.298136019215256
P110_Exam1,IterativeMoCo,Muscle,21.03723028736752,18.886923946758472
P110_Exam1,IterativeMoCo,Aorta,19.438406257743026,17.288099917133977
P122_Exam1,NoGate,Airway,2.216751925499449,nan
P122_Exam1,NoGate,Lung,10.962156386612714,8.900339383157782
P122_Exam1,NoGate,Liver,19.03727057661922,16.97545357316429
P122_Exam1,NoGate,Muscle,17.61266525874542,15.550848255290488
P122_Exam1,NoGate,Aorta,24.505313595494744,22.443496592039814
P122_Exam1,HardGate,Airway,2.340075020507496,nan
P122_Exam1,HardGate,Lung,9.462740083251854,7.348937529724662
P122_Exam1,HardGate,Liver,15.902543809955752,13.78874125642856
P122_Exam1,HardGate,Muscle,14.728867562569425,12.615065009042233
P122_Exam1,HardGate,Aorta,20.36717214351154,18.253369589984345
P122_Exam1,SoftGate,Airway,2.527747254636896,nan
P122_Exam1,SoftGate,Lung,9.180899382767548,6.666552729202026
P122_Exam1,SoftGate,Liver,15.838917578687115,13.324570925121593
P122_Exam1,SoftGate,Muscle,14.587484945031628,12.073138291466107
P122_Exam1,SoftGate,Aorta,19.954924589745236,17.440577936179714
P122_Exam1,MotionResolved,Airway,1.8707931791978762,nan
P122_Exam1,MotionResolved,Lung,10.22320118140879,8.425934564739821
P122_Exam1,MotionResolved,Liver,17.616142520061235,15.818875903392266
P122_Exam1,MotionResolved,Muscle,15.88830328494407,14.091036668275102
P122_Exam1,MotionResolved,Aorta,22.312303132864788,20.515036516195817
P122_Exam1,IterativeMoCo,Airway,2.825816409483112,nan
P122_Exam1,IterativeMoCo,Lung,14.22451914213931,11.583907267409039
P122_Exam1,IterativeMoCo,Liver,25.256419352408166,22.615807477677897
P122_Exam1,IterativeMoCo,Muscle,23.36351514654457,20.722903271814303
P122_Exam1,IterativeMoCo,Aorta,32.8005537806581,30.15994190592783
P135_Exam2,NoGate,Airway,1.1769969867519878,nan
P135_Exam2,NoGate,Lung,9.972219107457123,8.844418961318274
P135_Exam2,NoGate,Liver,17.101428988715657,15.973628842576808
P135_Exam2,NoGate,Muscle,16.166202652746804,15.038402506607955
P135_Exam2,NoGate,Aorta,15.396674136681515,14.268873990542666
P135_Exam2,HardGate,Airway,1.5501368691200208,nan
P135_Exam2,HardGate,Lung,8.796206861606402,7.266371710069909
P135_Exam2,HardGate,Liver,15.23538176296407,13.705546611427579
P135_Exam2,HardGate,Muscle,14.485590788783577,12.955755637247083
P135_Exam2,HardGate,Aorta,14.631099428583306,13.101264277046813
P135_Exam2,SoftGate,Airway,1.5750397474142201,nan
P135_Exam2,SoftGate,Lung,8.644990198782253,6.977034994375408
P135_Exam2,SoftGate,Liver,13.763930661497643,12.095975457090798
P135_Exam2,SoftGate,Muscle,13.30485706004839,11.636901855641545
P135_Exam2,SoftGate,Aorta,12.970157168790328,11.302201964383483
P135_Exam2,MotionResolved,Airway,1.6998111719065354,nan
P135_Exam2,MotionResolved,Lung,9.266678071532846,7.632432686991545
P135_Exam2,MotionResolved,Liver,16.465155501061588,14.830910116520286
P135_Exam2,MotionResolved,Muscle,15.213865348365426,13.579619963824124
P135_Exam2,MotionResolved,Aorta,14.393256612180782,12.75901122763948
P135_Exam2,IterativeMoCo,Airway,1.7099245487265138,nan
P135_Exam2,IterativeMoCo,Lung,13.50735136863303,11.856997700405831
P135_Exam2,IterativeMoCo,Liver,24.740347141609167,23.089993473381966
P135_Exam2,IterativeMoCo,Muscle,23.38133479935465,21.73098113112745
P135_Exam2,IterativeMoCo,Aorta,21.671060575258558,20.020706907031357
P136_Exam2,NoGate,Airway,1.6763789852728608,nan
P136_Exam2,NoGate,Lung,5.249257362883403,3.6742304307765776
P136_Exam2,NoGate,Liver,17.264686121525294,15.68965918941847
P136_Exam2,NoGate,Muscle,14.21019179053836,12.635164858431535
P136_Exam2,NoGate,Aorta,18.98131867803344,17.406291745926612
P136_Exam2,HardGate,Airway,1.549579953459533,nan
P136_Exam2,HardGate,Lung,4.276074125248883,2.6630066128707512
P136_Exam2,HardGate,Liver,12.73492376565587,11.121856253277738
P136_Exam2,HardGate,Muscle,10.333966705887569,8.720899193509437
P136_Exam2,HardGate,Aorta,14.30498629223854,12.691918779860409
P136_Exam2,SoftGate,Airway,1.7501048622559865,nan
P136_Exam2,SoftGate,Lung,4.544164626948086,2.728887452745401
P136_Exam2,SoftGate,Liver,13.129277685521537,11.314000511318852
P136_Exam2,SoftGate,Muscle,10.920726615685597,9.105449441482913
P136_Exam2,SoftGate,Aorta,14.79865875066403,12.983381576461346
P136_Exam2,MotionResolved,Airway,1.5308453204542023,nan
P136_Exam2,MotionResolved,Lung,4.190052425589649,2.9333564330781012
P136_Exam2,MotionResolved,Liver,14.658556165390294,13.401860172878745
P136_Exam2,MotionResolved,Muscle,11.57167822130787,10.314982228796321
P136_Exam2,MotionResolved,Aorta,15.331755029410957,14.075059036899408
P136_Exam2,IterativeMoCo,Airway,1.6508970161090752,nan
P136_Exam2,IterativeMoCo,Lung,5.693270425255527,4.278609977298631
P136_Exam2,IterativeMoCo,Liver,19.66888143367005,18.254220985713154
P136_Exam2,IterativeMoCo,Muscle,15.788858134795154,14.374197686838258
P136_Exam2,IterativeMoCo,Aorta,20.943123399796495,19.528462951839597
P153_Exam1,NoGate,Airway,3.990637590313696,nan
P153_Exam1,NoGate,Lung,4.198226386029088,0.6743869709671833
P153_Exam1,NoGate,Liver,13.930945758280323,10.40710634321842
P153_Exam1,NoGate,Muscle,11.09019868783939,7.566359272777485
P153_Exam1,NoGate,Aorta,15.261704870730016,11.73786545566811
P153_Exam1,HardGate,Airway,1.6811603290871868,nan
P153_Exam1,HardGate,Lung,4.066971845103816,2.5676439999256226
P153_Exam1,HardGate,Liver,14.243405378634032,12.744077533455838
P153_Exam1,HardGate,Muscle,11.095009012877782,9.595681167699588
P153_Exam1,HardGate,Aorta,14.288554472784751,12.789226627606558
P153_Exam1,SoftGate,Airway,1.6904517416374227,nan
P153_Exam1,SoftGate,Lung,3.6945368302824657,2.107655881471566
P153_Exam1,SoftGate,Liver,14.047453794751423,12.460572845940522
P153_Exam1,SoftGate,Muscle,11.280139583707586,9.693258634896686
P153_Exam1,SoftGate,Aorta,14.593195266873785,13.006314318062884
P153_Exam1,MotionResolved,Airway,1.8877229534696491,nan
P153_Exam1,MotionResolved,Lung,3.9334760106022735,2.112773622106264
P153_Exam1,MotionResolved,Liver,12.549436380300481,10.728733991804472
P153_Exam1,MotionResolved,Muscle,10.745331486674642,8.924629098178633
P153_Exam1,MotionResolved,Aorta,13.097921233929124,11.277218845433115
P153_Exam1,IterativeMoCo,Airway,2.6127174082003686,nan
P153_Exam1,IterativeMoCo,Lung,5.009582199507118,2.243888532254536
P153_Exam1,IterativeMoCo,Liver,20.138762267373348,17.373068600120767
P153_Exam1,IterativeMoCo,Muscle,16.081852409809105,13.316158742556523
P153_Exam1,IterativeMoCo,Aorta,19.89124486523681,17.12555119798423
P172_Exam1,NoGate,Airway,1.883325374285161,nan
P172_Exam1,NoGate,Lung,5.706936172019154,4.038164369446623
P172_Exam1,NoGate,Liver,18.577707169866848,16.908935367294315
P172_Exam1,NoGate,Muscle,16.18954634501988,14.520774542447349
P172_Exam1,NoGate,Aorta,21.074722603423112,19.40595080085058
P172_Exam1,HardGate,Airway,1.8607819809781425,nan
P172_Exam1,HardGate,Lung,4.476220672616091,2.71029580943377
P172_Exam1,HardGate,Liver,13.791761950699165,12.025837087516845
P172_Exam1,HardGate,Muscle,11.871422452932071,10.10549758974975
P172_Exam1,HardGate,Aorta,15.780621882987289,14.014697019804967
P172_Exam1,SoftGate,Airway,2.163136923145561,nan
P172_Exam1,SoftGate,Lung,4.989329112280384,2.8829690990791432
P172_Exam1,SoftGate,Liver,14.264142868276528,12.157782855075286
P172_Exam1,SoftGate,Muscle,12.269930601532744,10.163570588331503
P172_Exam1,SoftGate,Aorta,15.917327270216589,13.81096725701535
P172_Exam1,MotionResolved,Airway,1.6782530743660597,nan
P172_Exam1,MotionResolved,Lung,4.22037883675677,2.6042826704933857
P172_Exam1,MotionResolved,Liver,13.066169506337374,11.45007334007399
P172_Exam1,MotionResolved,Muscle,11.705535690102758,10.089439523839374
P172_Exam1,MotionResolved,Aorta,13.999104596861345,12.383008430597961
P172_Exam1,IterativeMoCo,Airway,2.1749617319210697,nan
P172_Exam1,IterativeMoCo,Lung,6.5548412019198095,4.6395839540184145
P172_Exam1,IterativeMoCo,Liver,20.680932823741387,18.765675575839992
P172_Exam1,IterativeMoCo,Muscle,18.565011419159212,16.64975417125782
P172_Exam1,IterativeMoCo,Aorta,23.064657934795566,21.14940068689417
P173_Exam3,NoGate,Airway,0.8917083161653254,nan
P173_Exam3,NoGate,Lung,9.07099094973172,8.313978147555886
P173_Exam3,NoGate,Liver,16.15013883151715,15.393126029341317
P173_Exam3,NoGate,Muscle,15.310946554196663,14.55393375202083
P173_Exam3,NoGate,Aorta,14.827890283652756,14.070877481476924
P173_Exam3,HardGate,Airway,1.2161192087096917,nan
P173_Exam3,HardGate,Lung,8.902679155161682,7.6766783928341855
P173_Exam3,HardGate,Liver,16.119571063522674,14.893570301195178
P173_Exam3,HardGate,Muscle,14.97628884624126,13.750288083913764
P173_Exam3,HardGate,Aorta,14.134761206842839,12.908760444515343
P173_Exam3,SoftGate,Airway,1.1430692995268716,nan
P173_Exam3,SoftGate,Lung,8.295820795961745,7.227813997607654
P173_Exam3,SoftGate,Liver,15.551868956690177,14.483862158336084
P173_Exam3,SoftGate,Muscle,14.010932741272434,12.942925942918341
P173_Exam3,SoftGate,Aorta,13.854415955179057,12.786409156824964
P173_Exam3,MotionResolved,Airway,1.2059536027969926,nan
P173_Exam3,MotionResolved,Lung,8.777871557072386,7.46991516500003
P173_Exam3,MotionResolved,Liver,17.00018927305381,15.692232880981454
P173_Exam3,MotionResolved,Muscle,15.400316255156486,14.09235986308413
P173_Exam3,MotionResolved,Aorta,14.429183812175589,13.121227420103233
P173_Exam3,IterativeMoCo,Airway,1.7790069519562144,nan
P173_Exam3,IterativeMoCo,Lung,12.726962740664032,10.972846027117217
P173_Exam3,IterativeMoCo,Liver,24.50569061151469,22.751573897967877
P173_Exam3,IterativeMoCo,Muscle,22.59799874598369,20.843882032436877
P173_Exam3,IterativeMoCo,Aorta,21.131026585123543,19.37690987157673
P174_Exam1,NoGate,Airway,2.882858096751132,nan
P174_Exam1,NoGate,Lung,6.473946749149088,4.03374677831761
P174_Exam1,NoGate,Liver,24.03625561829799,21.59605564746651
P174_Exam1,NoGate,Muscle,18.81253033540849,16.37233036457701
P174_Exam1,NoGate,Aorta,22.600921473409112,20.160721502577633
P174_Exam1,HardGate,Airway,1.9777515921225468,nan
P174_Exam1,HardGate,Lung,4.476613480351194,2.60657387574206
P174_Exam1,HardGate,Liver,18.231350273121844,16.36131066851271
P174_Exam1,HardGate,Muscle,14.04414241151207,12.174102806902935
P174_Exam1,HardGate,Aorta,16.829482392280227,14.959442787671092
P174_Exam1,SoftGate,Airway,1.9622989413916094,nan
P174_Exam1,SoftGate,Lung,4.542501398850647,2.9960402517703946
P174_Exam1,SoftGate,Liver,18.04583304898131,16.499371901901057
P174_Exam1,SoftGate,Muscle,14.35188828325912,12.805427136178867
P174_Exam1,SoftGate,Aorta,16.749314785153132,15.20285363807288
P174_Exam1,MotionResolved,Airway,1.8920921872808365,nan
P174_Exam1,MotionResolved,Lung,5.134811012486323,3.662363957490804
P174_Exam1,MotionResolved,Liver,20.062149770633752,18.589702715638232
P174_Exam1,MotionResolved,Muscle,15.451152613432935,13.978705558437415
P174_Exam1,MotionResolved,Aorta,17.98832962391462,16.5158825689191
P174_Exam1,IterativeMoCo,Airway,2.9639691632543004,nan
P174_Exam1,IterativeMoCo,Lung,7.185632579374369,4.716364369094238
P174_Exam1,IterativeMoCo,Liver,29.03581355518075,26.566545344900618
P174_Exam1,IterativeMoCo,Muscle,22.50357545803809,20.03430724775796
P174_Exam1,IterativeMoCo,Aorta,26.090135511186855,23.620867300906724
P175_Exam3,NoGate,Airway,2.000713802775566,nan
P175_Exam3,NoGate,Lung,10.30561255947178,8.387371574394328
P175_Exam3,NoGate,Liver,16.324181088011958,14.405940102934506
P175_Exam3,NoGate,Muscle,15.751778020498826,13.833537035421374
P175_Exam3,NoGate,Aorta,15.634897845877486,13.716656860800034
P175_Exam3,HardGate,Airway,1.6172473346132803,nan
P175_Exam3,HardGate,Lung,8.40651791273892,6.85862283790345
P175_Exam3,HardGate,Liver,12.217675904036895,10.669780829201425
P175_Exam3,HardGate,Muscle,11.580321981322712,10.032426906487242
P175_Exam3,HardGate,Aorta,11.854260855643377,10.306365780807907
P175_Exam3,SoftGate,Airway,1.7881507644753343,nan
P175_Exam3,SoftGate,Lung,8.77964577372178,6.9644080662696
P175_Exam3,SoftGate,Liver,13.006357520650099,11.191119813197918
P175_Exam3,SoftGate,Muscle,12.447562753189251,10.63232504573707
P175_Exam3,SoftGate,Aorta,12.666837566002956,10.851599858550776
P175_Exam3,MotionResolved,Airway,1.7871964919005383,nan
P175_Exam3,MotionResolved,Lung,11.834732493263411,10.145179898775098
P175_Exam3,MotionResolved,Liver,17.802793199362604,16.11324060487429
P175_Exam3,MotionResolved,Muscle,16.887218894815263,15.197666300326949
P175_Exam3,MotionResolved,Aorta,16.50891761814222,14.819365023653907
P175_Exam3,IterativeMoCo,Airway,1.9665706970978787,nan
P175_Exam3,IterativeMoCo,Lung,13.473990364180874,11.650771944631233
P175_Exam3,IterativeMoCo,Liver,20.79572334418533,18.97250492463569
P175_Exam3,IterativeMoCo,Muscle,20.07610559116905,18.25288717161941
P175_Exam3,IterativeMoCo,Aorta,19.623496748903456,17.800278329353816
P176_Exam3,NoGate,Airway,1.359638226670636,nan
P176_Exam3,NoGate,Lung,11.041546382527274,9.718041381058006
P176_Exam3,NoGate,Liver,21.386153056153745,20.062648054684477
P176_Exam3,NoGate,Muscle,18.91062279586385,17.587117794394583
P176_Exam3,NoGate,Aorta,19.16804690712752,17.84454190565825
P176_Exam3,HardGate,Airway,1.4229145849303693,nan
P176_Exam3,HardGate,Lung,8.35482080317042,7.015014639587951
P176_Exam3,HardGate,Liver,15.309052582066274,13.969246418483806
P176_Exam3,HardGate,Muscle,13.751121389532411,12.411315225949943
P176_Exam3,HardGate,Aorta,13.876621972468014,12.536815808885546
P176_Exam3,SoftGate,Airway,1.421690492045905,nan
P176_Exam3,SoftGate,Lung,8.956474905252781,7.644184648300355
P176_Exam3,SoftGate,Liver,16.482032915251644,15.169742658299217
P176_Exam3,SoftGate,Muscle,14.80614717597248,13.493856919020054
P176_Exam3,SoftGate,Aorta,14.960657703140626,13.6483674461882
P176_Exam3,MotionResolved,Airway,1.3287897066226575,nan
P176_Exam3,MotionResolved,Lung,8.897472680189324,7.484258750386385
P176_Exam3,MotionResolved,Liver,17.188988370548625,15.775774440745685
P176_Exam3,MotionResolved,Muscle,15.415212431962772,14.001998502159832
P176_Exam3,MotionResolved,Aorta,15.078089946556197,13.664876016753258
P176_Exam3,IterativeMoCo,Airway,1.312364530409366,nan
P176_Exam3,IterativeMoCo,Lung,12.404558460718658,11.192175368220266
P176_Exam3,IterativeMoCo,Liver,24.067805027016863,22.85542193451847
P176_Exam3,IterativeMoCo,Muscle,21.586037985919145,20.373654893420753
P176_Exam3,IterativeMoCo,Aorta,20.85030873566042,19.637925643162028
P179_Exam1,NoGate,Airway,5.556429153241234,nan
P179_Exam1,NoGate,Lung,10.20387261878309,4.889746828394156
P179_Exam1,NoGate,Liver,19.84511691099399,14.530991120605057
P179_Exam1,NoGate,Muscle,14.981415554445284,9.66728976405635
P179_Exam1,NoGate,Aorta,16.264198585770696,10.950072795381763
P179_Exam1,HardGate,Airway,4.1514060804348025,nan
P179_Exam1,HardGate,Lung,8.033575196133569,3.707258773086889
P179_Exam1,HardGate,Liver,15.1142001758431,10.787883752796422
P179_Exam1,HardGate,Muscle,11.042631813154285,6.716315390107606
P179_Exam1,HardGate,Aorta,12.216026167327207,7.889709744280528
P179_Exam1,SoftGate,Airway,4.456612245866124,nan
P179_Exam1,SoftGate,Lung,8.408617428119847,3.9388710844279373
P179_Exam1,SoftGate,Liver,16.014097490254173,11.544351146562263
P179_Exam1,SoftGate,Muscle,11.74892337191651,7.2791770282246
P179_Exam1,SoftGate,Aorta,13.038042724046695,8.568296380354786
P179_Exam1,MotionResolved,Airway,3.5038321812158446,nan
P179_Exam1,MotionResolved,Lung,6.912819904506209,3.408856332666998
P179_Exam1,MotionResolved,Liver,13.589347316052724,10.085383744213512
P179_Exam1,MotionResolved,Muscle,10.366133186059182,6.862169614219971
P179_Exam1,MotionResolved,Aorta,10.578863835800359,7.074900263961148
P179_Exam1,IterativeMoCo,Airway,5.953644454399115,nan
P179_Exam1,IterativeMoCo,Lung,10.489931770856975,4.4666937448777
P179_Exam1,IterativeMoCo,Liver,20.576359758783006,14.553121732803731
P179_Exam1,IterativeMoCo,Muscle,15.561958543622747,9.538720517643473
P179_Exam1,IterativeMoCo,Aorta,16.601909487975618,10.578671461996343
P180_Exam1,NoGate,Airway,1.6821725228082791,nan
P180_Exam1,NoGate,Lung,9.34462672298057,7.8720280449416435
P180_Exam1,NoGate,Liver,16.064557769706,14.591959091667073
P180_Exam1,NoGate,Muscle,12.630843447256387,11.158244769217461
P180_Exam1,NoGate,Aorta,14.075792245052094,12.603193567013168
P180_Exam1,HardGate,Airway,1.6163036478363044,nan
P180_Exam1,HardGate,Lung,7.407510297791272,5.7772136241021235
P180_Exam1,HardGate,Liver,12.03235446024412,10.402057786554971
P180_Exam1,HardGate,Muscle,9.279936948578543,7.649640274889395
P180_Exam1,HardGate,Aorta,10.866174643891696,9.235877970202548
P180_Exam1,SoftGate,Airway,1.598021454351117,nan
P180_Exam1,SoftGate,Lung,8.089522029862838,6.6433305066241495
P180_Exam1,SoftGate,Liver,12.981849473652941,11.535657950414253
P180_Exam1,SoftGate,Muscle,10.079938438980296,8.633746915741607
P180_Exam1,SoftGate,Aorta,11.56299117712295,10.11679965388426
P180_Exam1,MotionResolved,Airway,1.713622060415484,nan
P180_Exam1,MotionResolved,Lung,7.000383149252148,5.130263552971687
P180_Exam1,MotionResolved,Liver,12.004253565481275,10.134133969200814
P180_Exam1,MotionResolved,Muscle,9.447982259988187,7.577862663707727
P180_Exam1,MotionResolved,Aorta,10.476043464479384,8.605923868198923
P180_Exam1,IterativeMoCo,Airway,1.5143643006154,nan
P180_Exam1,IterativeMoCo,Lung,10.241742646933542,8.597385550942523
P180_Exam1,IterativeMoCo,Liver,17.96077300590539,16.316415909914372
P180_Exam1,IterativeMoCo,Muscle,13.646496469064974,12.002139373073955
P180_Exam1,IterativeMoCo,Aorta,15.210785326066375,13.566428230075356
P185_Exam1,NoGate,Airway,1.420463694492993,nan
P185_Exam1,NoGate,Lung,11.995532053555946,10.535850724668668
P185_Exam1,NoGate,Liver,19.67016597873945,18.210484649852173
P185_Exam1,NoGate,Muscle,18.233179181967106,16.773497853079828
P185_Exam1,NoGate,Aorta,17.275169619343718,15.81548829045644
P185_Exam1,HardGate,Airway,1.2551952718431063,nan
P185_Exam1,HardGate,Lung,8.996806637075014,7.761768287974267
P185_Exam1,HardGate,Liver,14.338351804740148,13.1033134556394
P185_Exam1,HardGate,Muscle,13.364722920185539,12.129684571084791
P185_Exam1,HardGate,Aorta,12.556799818314799,11.321761469214051
P185_Exam1,SoftGate,Airway,1.2663809035564126,nan
P185_Exam1,SoftGate,Lung,9.33287899797475,8.0279002522339
P185_Exam1,SoftGate,Liver,14.898237511276516,13.593258765535666
P185_Exam1,SoftGate,Muscle,13.966958492607622,12.661979746866772
P185_Exam1,SoftGate,Aorta,13.269358141987462,11.964379396246612
P185_Exam1,MotionResolved,Airway,1.2413723761821278,nan
P185_Exam1,MotionResolved,Lung,8.724838442209279,7.558739542936539
P185_Exam1,MotionResolved,Liver,14.094580465979531,12.928481566706791
P185_Exam1,MotionResolved,Muscle,13.169924872633622,12.003825973360883
P185_Exam1,MotionResolved,Aorta,11.755745395218861,10.589646495946122
P185_Exam1,IterativeMoCo,Airway,1.2187740010809485,nan
P185_Exam1,IterativeMoCo,Lung,12.77872575274887,11.771255266658413
P185_Exam1,IterativeMoCo,Liver,21.18327792949453,20.17580744340407
P185_Exam1,IterativeMoCo,Muscle,19.428337499748093,18.420867013657634
P185_Exam1,IterativeMoCo,Aorta,18.06962052501131,17.06215003892085
